{
    "MLS": [
        [
            724.0860707628548,
            0.0,
            308.66653825778627
        ],
        [
            0.0,
            722.891163499805,
            253.3267879455365
        ],
        [
            0.0,
            0.0,
            1.0
        ]
    ],
    "dLS": [
        [
            0.026476587421283046,
            0.19621062610008214,
            0.0024346960663516283,
            -0.0005407364845590312,
            -1.2590057912200443
        ]
    ],
    "MRS": [
        [
            724.2568312350905,
            0.0,
            309.8874211029038
        ],
        [
            0.0,
            722.9506016650448,
            255.57143938238315
        ],
        [
            0.0,
            0.0,
            1.0
        ]
    ],
    "dRS": [
        [
            0.05821750124144445,
            -0.12991800565288164,
            0.006308880503402634,
            -0.0037403881404659907,
            -0.3377024385686902
        ]
    ],
    "R": [
        [
            0.9980402573159789,
            0.010107384057638377,
            0.061753425525763024
        ],
        [
            -0.013219893144707135,
            0.9986515179746116,
            0.05020338705950587
        ],
        [
            -0.061162727227430665,
            -0.050921375025773145,
            0.9968280365055887
        ]
    ],
    "T": [
        [
            -2.941416744186836
        ],
        [
            0.015089450112441309
        ],
        [
            0.24266407967169892
        ]
    ],
    "RL": [
        [
            0.999744424179849,
            0.009154053856574997,
            -0.020670984961854513
        ],
        [
            -0.008632109578888826,
            0.9996451683535319,
            0.025199683959466136
        ],
        [
            0.02089432950636,
            -0.025014809322276347,
            0.9994687020157509
        ]
    ],
    "RR": [
        [
            0.9966012017662984,
            -0.005112558139125169,
            -0.08221864987485403
        ],
        [
            0.003044771579281207,
            0.9996763898660814,
            -0.02525559166498413
        ],
        [
            0.08232116376728266,
            0.024919415996216273,
            0.9962942580896509
        ]
    ],
    "PL": [
        [
            722.9208825824248,
            0.0,
            351.9102668762207,
            0.0
        ],
        [
            0.0,
            722.9208825824248,
            257.14952659606934,
            0.0
        ],
        [
            0.0,
            0.0,
            1.0,
            0.0
        ]
    ],
    "PR": [
        [
            722.9208825824248,
            0.0,
            351.9102668762207,
            -2133.6634804188307
        ],
        [
            0.0,
            722.9208825824248,
            257.14952659606934,
            0.0
        ],
        [
            0.0,
            0.0,
            1.0,
            0.0
        ]
    ],
    "Q": [
        [
            1.0,
            0.0,
            0.0,
            -351.9102668762207
        ],
        [
            0.0,
            1.0,
            0.0,
            -257.14952659606934
        ],
        [
            0.0,
            0.0,
            0.0,
            722.9208825824248
        ],
        [
            0.0,
            0.0,
            0.33881672963747683,
            -0.0
        ]
    ]
}